"","Season","Month","Numerator","Population","Jurisdiction","Estimate","Age_group_label"
"1","2025-26","APR","Not Submitted",NA,"Alaska",NA,"0-7 months"
"2","2025-26","APR","Not Submitted",NA,"Alabama",NA,"0-7 months"
"3","2025-26","APR","14,953",34746,"Arkansas",0.430351695159155,"0-7 months"
"4","2025-26","APR","6",689,"American Samoa",0.008708272859216,"0-7 months"
"5","2025-26","APR","Not Submitted",NA,"Arizona",NA,"0-7 months"
"6","2025-26","APR","Not Submitted",NA,"New York City",NA,"0-7 months"
"7","2025-26","APR","172,527",403878,"California",0.427176028404617,"0-7 months"
"8","2025-26","APR","Not Submitted",NA,"Chicago",NA,"0-7 months"
"9","2025-26","APR","Not Submitted",NA,"Colorado",NA,"0-7 months"
"10","2025-26","APR","Not Submitted",NA,"Connecticut",NA,"0-7 months"
"11","2025-26","APR","4,021",8013,"District of Columbia",0.501809559465868,"0-7 months"
"12","2025-26","APR","Not Submitted",NA,"Delaware",NA,"0-7 months"
"13","2025-26","APR","Not Submitted",NA,"Florida",NA,"0-7 months"
"14","2025-26","APR","3",1747,"Federated States of Micronesia",0.001717229536348,"0-7 months"
"15","2025-26","APR","44,551",124703,"Georgia",0.357256842257203,"0-7 months"
"16","2025-26","APR","507",3040,"Guam",0.166776315789474,"0-7 months"
"17","2025-26","APR","Not Submitted",NA,"Hawaii",NA,"0-7 months"
"18","2025-26","APR","Not Submitted",NA,"Iowa",NA,"0-7 months"
"19","2025-26","APR","Not Submitted",NA,"Idaho",NA,"0-7 months"
"20","2025-26","APR","Not Submitted",NA,"Illinois",NA,"0-7 months"
"21","2025-26","APR","36,371",78935,"Indiana",0.460771520871603,"0-7 months"
"22","2025-26","APR","Not Submitted",NA,"Kansas",NA,"0-7 months"
"23","2025-26","APR","22,201",52554,"Kentucky",0.422441679034897,"0-7 months"
"24","2025-26","APR","24,496",53388,"Louisiana",0.458829699557953,"0-7 months"
"25","2025-26","APR","Not Submitted",NA,"Massachusetts",NA,"0-7 months"
"26","2025-26","APR","Not Submitted",NA,"Maryland",NA,"0-7 months"
"27","2025-26","APR","Not Submitted",NA,"Maine",NA,"0-7 months"
"28","2025-26","APR","0",1704,"Marshall Islands",0,"0-7 months"
"29","2025-26","APR","Not Submitted",NA,"Michigan",NA,"0-7 months"
"30","2025-26","APR","Not Submitted",NA,"Minnesota",NA,"0-7 months"
"31","2025-26","APR","25,749",67214,"Missouri",0.383089832475377,"0-7 months"
"32","2025-26","APR","304",789,"N. Mariana Islands",0.385297845373891,"0-7 months"
"33","2025-26","APR","13,324",33395,"Mississippi",0.398981883515496,"0-7 months"
"34","2025-26","APR","3,584",11285,"Montana",0.317589720868409,"0-7 months"
"35","2025-26","APR","Not Submitted",NA,"North Carolina",NA,"0-7 months"
"36","2025-26","APR","Not Submitted",NA,"North Dakota",NA,"0-7 months"
"37","2025-26","APR","Not Submitted",NA,"Nebraska",NA,"0-7 months"
"38","2025-26","APR","Not Submitted",NA,"New Hampshire",NA,"0-7 months"
"39","2025-26","APR","Not Submitted",NA,"New Jersey",NA,"0-7 months"
"40","2025-26","APR","8,920",20675,"New Mexico",0.431438935912938,"0-7 months"
"41","2025-26","APR","Not Submitted",NA,"Nevada",NA,"0-7 months"
"42","2025-26","APR","Not Submitted",NA,"New York (excluding New York City)",NA,"0-7 months"
"43","2025-26","APR","Not Submitted",NA,"Ohio",NA,"0-7 months"
"44","2025-26","APR","17,602",47258,"Oklahoma",0.372466037496297,"0-7 months"
"45","2025-26","APR","Not Submitted",NA,"Oregon",NA,"0-7 months"
"46","2025-26","APR","Not Submitted",NA,"Pennsylvania (excluding Philadelphia County)",NA,"0-7 months"
"47","2025-26","APR","Not Submitted",NA,"Philadelphia",NA,"0-7 months"
"48","2025-26","APR","6,271",18128,"Puerto Rico",0.345928949691086,"0-7 months"
"49","2025-26","APR","Not Submitted",NA,"Rhode Island",NA,"0-7 months"
"50","2025-26","APR","0",251,"Republic of Palau",0,"0-7 months"
"51","2025-26","APR","Not Submitted",NA,"South Carolina",NA,"0-7 months"
"52","2025-26","APR","6,136",11392,"South Dakota",0.538623595505618,"0-7 months"
"53","2025-26","APR","Not Submitted",NA,"Houston",NA,"0-7 months"
"54","2025-26","APR","Not Submitted",NA,"Tennessee",NA,"0-7 months"
"55","2025-26","APR","Not Submitted",NA,"Texas",NA,"0-7 months"
"56","2025-26","APR","Not Submitted",NA,"Utah",NA,"0-7 months"
"57","2025-26","APR","Not Submitted",NA,"Virginia",NA,"0-7 months"
"58","2025-26","APR","Not Submitted",NA,"U.S. Virgin Islands ",NA,"0-7 months"
"59","2025-26","APR","2,558",5028,"Vermont",0.508750994431185,"0-7 months"
"60","2025-26","APR","Not Submitted",NA,"Washington",NA,"0-7 months"
"61","2025-26","APR","Not Submitted",NA,"Wisconsin",NA,"0-7 months"
"62","2025-26","APR","6,758",16528,"West Virginia",0.408881897386254,"0-7 months"
"63","2025-26","APR","Not Submitted",NA,"Wyoming",NA,"0-7 months"
"64","2025-26","DEC","Not Submitted",NA,"Alaska",NA,"0-7 months"
"65","2025-26","DEC","14,786",42944,"Alabama",0.344308867362146,"0-7 months"
"66","2025-26","DEC","10,436",26060,"Arkansas",0.400460475825019,"0-7 months"
"67","2025-26","DEC","5",517,"American Samoa",0.009671179883946,"0-7 months"
"68","2025-26","DEC","Not Submitted",NA,"Arizona",NA,"0-7 months"
"69","2025-26","DEC","Not Submitted",NA,"New York City",NA,"0-7 months"
"70","2025-26","DEC","124,778",302909,"California",0.411932296498288,"0-7 months"
"71","2025-26","DEC","Not Submitted",NA,"Chicago",NA,"0-7 months"
"72","2025-26","DEC","Not Submitted",NA,"Colorado",NA,"0-7 months"
"73","2025-26","DEC","Not Submitted",NA,"Connecticut",NA,"0-7 months"
"74","2025-26","DEC","3,218",6010,"District of Columbia",0.535440931780366,"0-7 months"
"75","2025-26","DEC","Not Submitted",NA,"Delaware",NA,"0-7 months"
"76","2025-26","DEC","49,695",168129,"Florida",0.295576610816694,"0-7 months"
"77","2025-26","DEC","3",1310,"Federated States of Micronesia",0.002290076335878,"0-7 months"
"78","2025-26","DEC","32,022",93527,"Georgia",0.342382413634565,"0-7 months"
"79","2025-26","DEC","329",2280,"Guam",0.144298245614035,"0-7 months"
"80","2025-26","DEC","Not Submitted",NA,"Hawaii",NA,"0-7 months"
"81","2025-26","DEC","12,100",27204,"Iowa",0.444787531245405,"0-7 months"
"82","2025-26","DEC","Not Submitted",NA,"Idaho",NA,"0-7 months"
"83","2025-26","DEC","Not Submitted",NA,"Illinois",NA,"0-7 months"
"84","2025-26","DEC","27,543",59201,"Indiana",0.46524551950136,"0-7 months"
"85","2025-26","DEC","Not Submitted",NA,"Kansas",NA,"0-7 months"
"86","2025-26","DEC","16,258",39416,"Kentucky",0.412472092551248,"0-7 months"
"87","2025-26","DEC","17,841",40041,"Louisiana",0.445568292500187,"0-7 months"
"88","2025-26","DEC","Not Submitted",NA,"Massachusetts",NA,"0-7 months"
"89","2025-26","DEC","Not Submitted",NA,"Maryland",NA,"0-7 months"
"90","2025-26","DEC","Not Submitted",NA,"Maine",NA,"0-7 months"
"91","2025-26","DEC","0",1278,"Marshall Islands",0,"0-7 months"
"92","2025-26","DEC","Not Submitted",NA,"Michigan",NA,"0-7 months"
"93","2025-26","DEC","Not Submitted",NA,"Minnesota",NA,"0-7 months"
"94","2025-26","DEC","19,808",50411,"Missouri",0.392930114459146,"0-7 months"
"95","2025-26","DEC","235",592,"N. Mariana Islands",0.396959459459459,"0-7 months"
"96","2025-26","DEC","9,612",25046,"Mississippi",0.383773856104767,"0-7 months"
"97","2025-26","DEC","2,954",8464,"Montana",0.349007561436673,"0-7 months"
"98","2025-26","DEC","Not Submitted",NA,"North Carolina",NA,"0-7 months"
"99","2025-26","DEC","Not Submitted",NA,"North Dakota",NA,"0-7 months"
"100","2025-26","DEC","Not Submitted",NA,"Nebraska",NA,"0-7 months"
"101","2025-26","DEC","Not Submitted",NA,"New Hampshire",NA,"0-7 months"
"102","2025-26","DEC","Not Submitted",NA,"New Jersey",NA,"0-7 months"
"103","2025-26","DEC","6,701",15506,"New Mexico",0.432155294724623,"0-7 months"
"104","2025-26","DEC","Not Submitted",NA,"Nevada",NA,"0-7 months"
"105","2025-26","DEC","Not Submitted",NA,"New York (excluding New York City)",NA,"0-7 months"
"106","2025-26","DEC","Not Submitted",NA,"Ohio",NA,"0-7 months"
"107","2025-26","DEC","13,050",35444,"Oklahoma",0.368186434939623,"0-7 months"
"108","2025-26","DEC","Not Submitted",NA,"Oregon",NA,"0-7 months"
"109","2025-26","DEC","Not Submitted",NA,"Pennsylvania (excluding Philadelphia County)",NA,"0-7 months"
"110","2025-26","DEC","Not Submitted",NA,"Philadelphia",NA,"0-7 months"
"111","2025-26","DEC","4,046",13596,"Puerto Rico",0.297587525742866,"0-7 months"
"112","2025-26","DEC","Not Submitted",NA,"Rhode Island",NA,"0-7 months"
"113","2025-26","DEC","0",188,"Republic of Palau",0,"0-7 months"
"114","2025-26","DEC","Not Submitted",NA,"South Carolina",NA,"0-7 months"
"115","2025-26","DEC","4,916",8544,"South Dakota",0.575374531835206,"0-7 months"
"116","2025-26","DEC","Not Submitted",NA,"Houston",NA,"0-7 months"
"117","2025-26","DEC","Not Submitted",NA,"Tennessee",NA,"0-7 months"
"118","2025-26","DEC","Not Submitted",NA,"Texas",NA,"0-7 months"
"119","2025-26","DEC","Not Submitted",NA,"Utah",NA,"0-7 months"
"120","2025-26","DEC","Not Submitted",NA,"Virginia",NA,"0-7 months"
"121","2025-26","DEC","Not Submitted",NA,"U.S. Virgin Islands ",NA,"0-7 months"
"122","2025-26","DEC","2,012",3771,"Vermont",0.533545478652877,"0-7 months"
"123","2025-26","DEC","Not Submitted",NA,"Washington",NA,"0-7 months"
"124","2025-26","DEC","Not Submitted",NA,"Wisconsin",NA,"0-7 months"
"125","2025-26","DEC","5,037",12396,"West Virginia",0.406340755082285,"0-7 months"
"126","2025-26","DEC","Not Submitted",NA,"Wyoming",NA,"0-7 months"
"127","2025-26","FEB","Not Submitted",NA,"Alaska",NA,"0-7 months"
"128","2025-26","FEB","17,939",52487,"Alabama",0.34177986930097,"0-7 months"
"129","2025-26","FEB","13,122",31851,"Arkansas",0.411980785532636,"0-7 months"
"130","2025-26","FEB","6",632,"American Samoa",0.009493670886076,"0-7 months"
"131","2025-26","FEB","Not Submitted",NA,"Arizona",NA,"0-7 months"
"132","2025-26","FEB","Not Submitted",NA,"New York City",NA,"0-7 months"
"133","2025-26","FEB","147,661",370222,"California",0.398844477097525,"0-7 months"
"134","2025-26","FEB","Not Submitted",NA,"Chicago",NA,"0-7 months"
"135","2025-26","FEB","Not Submitted",NA,"Colorado",NA,"0-7 months"
"136","2025-26","FEB","Not Submitted",NA,"Connecticut",NA,"0-7 months"
"137","2025-26","FEB","3,747",7345,"District of Columbia",0.510142954390742,"0-7 months"
"138","2025-26","FEB","Not Submitted",NA,"Delaware",NA,"0-7 months"
"139","2025-26","FEB","60,837",205491,"Florida",0.296056761609998,"0-7 months"
"140","2025-26","FEB","3",1601,"Federated States of Micronesia",0.001873828856964,"0-7 months"
"141","2025-26","FEB","40,334",114311,"Georgia",0.352844433169161,"0-7 months"
"142","2025-26","FEB","409",2787,"Guam",0.146752780767851,"0-7 months"
"143","2025-26","FEB","Not Submitted",NA,"Hawaii",NA,"0-7 months"
"144","2025-26","FEB","14,044",33249,"Iowa",0.422388643267467,"0-7 months"
"145","2025-26","FEB","Not Submitted",NA,"Idaho",NA,"0-7 months"
"146","2025-26","FEB","Not Submitted",NA,"Illinois",NA,"0-7 months"
"147","2025-26","FEB","33,452",72357,"Indiana",0.462318780491176,"0-7 months"
"148","2025-26","FEB","Not Submitted",NA,"Kansas",NA,"0-7 months"
"149","2025-26","FEB","19,425",48175,"Kentucky",0.403217436429683,"0-7 months"
"150","2025-26","FEB","22,609",48939,"Louisiana",0.461983285314371,"0-7 months"
"151","2025-26","FEB","Not Submitted",NA,"Massachusetts",NA,"0-7 months"
"152","2025-26","FEB","Not Submitted",NA,"Maryland",NA,"0-7 months"
"153","2025-26","FEB","Not Submitted",NA,"Maine",NA,"0-7 months"
"154","2025-26","FEB","0",1562,"Marshall Islands",0,"0-7 months"
"155","2025-26","FEB","Not Submitted",NA,"Michigan",NA,"0-7 months"
"156","2025-26","FEB","Not Submitted",NA,"Minnesota",NA,"0-7 months"
"157","2025-26","FEB","23,300",61613,"Missouri",0.37816694528752,"0-7 months"
"158","2025-26","FEB","273",723,"N. Mariana Islands",0.377593360995851,"0-7 months"
"159","2025-26","FEB","12,227",30612,"Mississippi",0.399418528681563,"0-7 months"
"160","2025-26","FEB","3,340",10345,"Montana",0.322861285645239,"0-7 months"
"161","2025-26","FEB","Not Submitted",NA,"North Carolina",NA,"0-7 months"
"162","2025-26","FEB","Not Submitted",NA,"North Dakota",NA,"0-7 months"
"163","2025-26","FEB","Not Submitted",NA,"Nebraska",NA,"0-7 months"
"164","2025-26","FEB","Not Submitted",NA,"New Hampshire",NA,"0-7 months"
"165","2025-26","FEB","Not Submitted",NA,"New Jersey",NA,"0-7 months"
"166","2025-26","FEB","8,046",18952,"New Mexico",0.424546222034614,"0-7 months"
"167","2025-26","FEB","Not Submitted",NA,"Nevada",NA,"0-7 months"
"168","2025-26","FEB","Not Submitted",NA,"New York (excluding New York City)",NA,"0-7 months"
"169","2025-26","FEB","Not Submitted",NA,"Ohio",NA,"0-7 months"
"170","2025-26","FEB","16,284",43320,"Oklahoma",0.37590027700831,"0-7 months"
"171","2025-26","FEB","Not Submitted",NA,"Oregon",NA,"0-7 months"
"172","2025-26","FEB","Not Submitted",NA,"Pennsylvania (excluding Philadelphia County)",NA,"0-7 months"
"173","2025-26","FEB","Not Submitted",NA,"Philadelphia",NA,"0-7 months"
"174","2025-26","FEB","5,498",16617,"Puerto Rico",0.330865980622254,"0-7 months"
"175","2025-26","FEB","Not Submitted",NA,"Rhode Island",NA,"0-7 months"
"176","2025-26","FEB","0",230,"Republic of Palau",0,"0-7 months"
"177","2025-26","FEB","Not Submitted",NA,"South Carolina",NA,"0-7 months"
"178","2025-26","FEB","5,650",10443,"South Dakota",0.541032270420377,"0-7 months"
"179","2025-26","FEB","Not Submitted",NA,"Houston",NA,"0-7 months"
"180","2025-26","FEB","Not Submitted",NA,"Tennessee",NA,"0-7 months"
"181","2025-26","FEB","Not Submitted",NA,"Texas",NA,"0-7 months"
"182","2025-26","FEB","Not Submitted",NA,"Utah",NA,"0-7 months"
"183","2025-26","FEB","Not Submitted",NA,"Virginia",NA,"0-7 months"
"184","2025-26","FEB","Not Submitted",NA,"U.S. Virgin Islands ",NA,"0-7 months"
"185","2025-26","FEB","2,316",4609,"Vermont",0.502495118246908,"0-7 months"
"186","2025-26","FEB","Not Submitted",NA,"Washington",NA,"0-7 months"
"187","2025-26","FEB","Not Submitted",NA,"Wisconsin",NA,"0-7 months"
"188","2025-26","FEB","6,207",15151,"West Virginia",0.409675928981585,"0-7 months"
"189","2025-26","FEB","Not Submitted",NA,"Wyoming",NA,"0-7 months"
"190","2025-26","JAN","Not Submitted",NA,"Alaska",NA,"0-7 months"
"191","2025-26","JAN","16,639",47715,"Alabama",0.348716336581788,"0-7 months"
"192","2025-26","JAN","11,908",28955,"Arkansas",0.411258849939561,"0-7 months"
"193","2025-26","JAN","6",574,"American Samoa",0.010452961672474,"0-7 months"
"194","2025-26","JAN","Not Submitted",NA,"Arizona",NA,"0-7 months"
"195","2025-26","JAN","Not Submitted",NA,"New York City",NA,"0-7 months"
"196","2025-26","JAN","138,201",336565,"California",0.410622019520746,"0-7 months"
"197","2025-26","JAN","Not Submitted",NA,"Chicago",NA,"0-7 months"
"198","2025-26","JAN","Not Submitted",NA,"Colorado",NA,"0-7 months"
"199","2025-26","JAN","Not Submitted",NA,"Connecticut",NA,"0-7 months"
"200","2025-26","JAN","3,497",6678,"District of Columbia",0.52365977837676,"0-7 months"
"201","2025-26","JAN","Not Submitted",NA,"Delaware",NA,"0-7 months"
"202","2025-26","JAN","56,123",186810,"Florida",0.300428242599433,"0-7 months"
"203","2025-26","JAN","3",1456,"Federated States of Micronesia",0.00206043956044,"0-7 months"
"204","2025-26","JAN","36,817",103919,"Georgia",0.354285549322068,"0-7 months"
"205","2025-26","JAN","374",2533,"Guam",0.147651006711409,"0-7 months"
"206","2025-26","JAN","Not Submitted",NA,"Hawaii",NA,"0-7 months"
"207","2025-26","JAN","13,223",30227,"Iowa",0.437456578555596,"0-7 months"
"208","2025-26","JAN","Not Submitted",NA,"Idaho",NA,"0-7 months"
"209","2025-26","JAN","Not Submitted",NA,"Illinois",NA,"0-7 months"
"210","2025-26","JAN","30,819",65779,"Indiana",0.468523388923517,"0-7 months"
"211","2025-26","JAN","Not Submitted",NA,"Kansas",NA,"0-7 months"
"212","2025-26","JAN","18,004",43795,"Kentucky",0.411097157209727,"0-7 months"
"213","2025-26","JAN","20,540",44490,"Louisiana",0.461676781299168,"0-7 months"
"214","2025-26","JAN","Not Submitted",NA,"Massachusetts",NA,"0-7 months"
"215","2025-26","JAN","Not Submitted",NA,"Maryland",NA,"0-7 months"
"216","2025-26","JAN","Not Submitted",NA,"Maine",NA,"0-7 months"
"217","2025-26","JAN","0",1420,"Marshall Islands",0,"0-7 months"
"218","2025-26","JAN","Not Submitted",NA,"Michigan",NA,"0-7 months"
"219","2025-26","JAN","Not Submitted",NA,"Minnesota",NA,"0-7 months"
"220","2025-26","JAN","21,762",56012,"Missouri",0.388523887738342,"0-7 months"
"221","2025-26","JAN","259",658,"N. Mariana Islands",0.393617021276596,"0-7 months"
"222","2025-26","JAN","11,104",27829,"Mississippi",0.399008228826045,"0-7 months"
"223","2025-26","JAN","3,195",9404,"Montana",0.339749042960442,"0-7 months"
"224","2025-26","JAN","Not Submitted",NA,"North Carolina",NA,"0-7 months"
"225","2025-26","JAN","Not Submitted",NA,"North Dakota",NA,"0-7 months"
"226","2025-26","JAN","Not Submitted",NA,"Nebraska",NA,"0-7 months"
"227","2025-26","JAN","Not Submitted",NA,"New Hampshire",NA,"0-7 months"
"228","2025-26","JAN","Not Submitted",NA,"New Jersey",NA,"0-7 months"
"229","2025-26","JAN","7,474",17229,"New Mexico",0.433803470892101,"0-7 months"
"230","2025-26","JAN","Not Submitted",NA,"Nevada",NA,"0-7 months"
"231","2025-26","JAN","Not Submitted",NA,"New York (excluding New York City)",NA,"0-7 months"
"232","2025-26","JAN","Not Submitted",NA,"Ohio",NA,"0-7 months"
"233","2025-26","JAN","14,873",39382,"Oklahoma",0.377659844599055,"0-7 months"
"234","2025-26","JAN","Not Submitted",NA,"Oregon",NA,"0-7 months"
"235","2025-26","JAN","Not Submitted",NA,"Pennsylvania (excluding Philadelphia County)",NA,"0-7 months"
"236","2025-26","JAN","Not Submitted",NA,"Philadelphia",NA,"0-7 months"
"237","2025-26","JAN","4,917",15107,"Puerto Rico",0.325478255113524,"0-7 months"
"238","2025-26","JAN","Not Submitted",NA,"Rhode Island",NA,"0-7 months"
"239","2025-26","JAN","0",209,"Republic of Palau",0,"0-7 months"
"240","2025-26","JAN","Not Submitted",NA,"South Carolina",NA,"0-7 months"
"241","2025-26","JAN","5,298",9493,"South Dakota",0.558095438744338,"0-7 months"
"242","2025-26","JAN","Not Submitted",NA,"Houston",NA,"0-7 months"
"243","2025-26","JAN","Not Submitted",NA,"Tennessee",NA,"0-7 months"
"244","2025-26","JAN","Not Submitted",NA,"Texas",NA,"0-7 months"
"245","2025-26","JAN","Not Submitted",NA,"Utah",NA,"0-7 months"
"246","2025-26","JAN","Not Submitted",NA,"Virginia",NA,"0-7 months"
"247","2025-26","JAN","Not Submitted",NA,"U.S. Virgin Islands ",NA,"0-7 months"
"248","2025-26","JAN","2,182",4190,"Vermont",0.520763723150358,"0-7 months"
"249","2025-26","JAN","Not Submitted",NA,"Washington",NA,"0-7 months"
"250","2025-26","JAN","Not Submitted",NA,"Wisconsin",NA,"0-7 months"
"251","2025-26","JAN","5,674",13773,"West Virginia",0.411965439628258,"0-7 months"
"252","2025-26","JAN","Not Submitted",NA,"Wyoming",NA,"0-7 months"
"253","2025-26","MAR","Not Submitted",NA,"Alaska",NA,"0-7 months"
"254","2025-26","MAR","19,333",57258,"Alabama",0.337647141010863,"0-7 months"
"255","2025-26","MAR","14,315",34746,"Arkansas",0.411989869337478,"0-7 months"
"256","2025-26","MAR","6",689,"American Samoa",0.008708272859216,"0-7 months"
"257","2025-26","MAR","Not Submitted",NA,"Arizona",NA,"0-7 months"
"258","2025-26","MAR","Not Submitted",NA,"New York City",NA,"0-7 months"
"259","2025-26","MAR","160,346",403878,"California",0.397015930553286,"0-7 months"
"260","2025-26","MAR","Not Submitted",NA,"Chicago",NA,"0-7 months"
"261","2025-26","MAR","Not Submitted",NA,"Colorado",NA,"0-7 months"
"262","2025-26","MAR","Not Submitted",NA,"Connecticut",NA,"0-7 months"
"263","2025-26","MAR","3,995",8013,"District of Columbia",0.49856483214776,"0-7 months"
"264","2025-26","MAR","Not Submitted",NA,"Delaware",NA,"0-7 months"
"265","2025-26","MAR","65,290",224172,"Florida",0.291249576218261,"0-7 months"
"266","2025-26","MAR","3",1747,"Federated States of Micronesia",0.001717229536348,"0-7 months"
"267","2025-26","MAR","43,442",124703,"Georgia",0.34836371218014,"0-7 months"
"268","2025-26","MAR","471",3040,"Guam",0.154934210526316,"0-7 months"
"269","2025-26","MAR","Not Submitted",NA,"Hawaii",NA,"0-7 months"
"270","2025-26","MAR","15,043",36272,"Iowa",0.414727613586237,"0-7 months"
"271","2025-26","MAR","Not Submitted",NA,"Idaho",NA,"0-7 months"
"272","2025-26","MAR","Not Submitted",NA,"Illinois",NA,"0-7 months"
"273","2025-26","MAR","35,965",78935,"Indiana",0.455628048394248,"0-7 months"
"274","2025-26","MAR","Not Submitted",NA,"Kansas",NA,"0-7 months"
"275","2025-26","MAR","21,013",52554,"Kentucky",0.399836358792861,"0-7 months"
"276","2025-26","MAR","24,369",53388,"Louisiana",0.456450887839964,"0-7 months"
"277","2025-26","MAR","Not Submitted",NA,"Massachusetts",NA,"0-7 months"
"278","2025-26","MAR","Not Submitted",NA,"Maryland",NA,"0-7 months"
"279","2025-26","MAR","Not Submitted",NA,"Maine",NA,"0-7 months"
"280","2025-26","MAR","0",1704,"Marshall Islands",0,"0-7 months"
"281","2025-26","MAR","Not Submitted",NA,"Michigan",NA,"0-7 months"
"282","2025-26","MAR","Not Submitted",NA,"Minnesota",NA,"0-7 months"
"283","2025-26","MAR","25,042",67214,"Missouri",0.372571190525783,"0-7 months"
"284","2025-26","MAR","300",789,"N. Mariana Islands",0.380228136882129,"0-7 months"
"285","2025-26","MAR","13,143",33395,"Mississippi",0.393561910465639,"0-7 months"
"286","2025-26","MAR","3,532",11285,"Montana",0.31298183429331,"0-7 months"
"287","2025-26","MAR","Not Submitted",NA,"North Carolina",NA,"0-7 months"
"288","2025-26","MAR","Not Submitted",NA,"North Dakota",NA,"0-7 months"
"289","2025-26","MAR","Not Submitted",NA,"Nebraska",NA,"0-7 months"
"290","2025-26","MAR","Not Submitted",NA,"New Hampshire",NA,"0-7 months"
"291","2025-26","MAR","Not Submitted",NA,"New Jersey",NA,"0-7 months"
"292","2025-26","MAR","8,582",20675,"New Mexico",0.41509068923821,"0-7 months"
"293","2025-26","MAR","Not Submitted",NA,"Nevada",NA,"0-7 months"
"294","2025-26","MAR","Not Submitted",NA,"New York (excluding New York City)",NA,"0-7 months"
"295","2025-26","MAR","Not Submitted",NA,"Ohio",NA,"0-7 months"
"296","2025-26","MAR","17,457",47258,"Oklahoma",0.369397773921876,"0-7 months"
"297","2025-26","MAR","Not Submitted",NA,"Oregon",NA,"0-7 months"
"298","2025-26","MAR","Not Submitted",NA,"Pennsylvania (excluding Philadelphia County)",NA,"0-7 months"
"299","2025-26","MAR","Not Submitted",NA,"Philadelphia",NA,"0-7 months"
"300","2025-26","MAR","6,143",18128,"Puerto Rico",0.338868049426302,"0-7 months"
"301","2025-26","MAR","Not Submitted",NA,"Rhode Island",NA,"0-7 months"
"302","2025-26","MAR","0",251,"Republic of Palau",0,"0-7 months"
"303","2025-26","MAR","Not Submitted",NA,"South Carolina",NA,"0-7 months"
"304","2025-26","MAR","6,037",11392,"South Dakota",0.529933286516854,"0-7 months"
"305","2025-26","MAR","Not Submitted",NA,"Houston",NA,"0-7 months"
"306","2025-26","MAR","Not Submitted",NA,"Tennessee",NA,"0-7 months"
"307","2025-26","MAR","Not Submitted",NA,"Texas",NA,"0-7 months"
"308","2025-26","MAR","Not Submitted",NA,"Utah",NA,"0-7 months"
"309","2025-26","MAR","Not Submitted",NA,"Virginia",NA,"0-7 months"
"310","2025-26","MAR","Not Submitted",NA,"U.S. Virgin Islands ",NA,"0-7 months"
"311","2025-26","MAR","2,525",5028,"Vermont",0.502187748607796,"0-7 months"
"312","2025-26","MAR","Not Submitted",NA,"Washington",NA,"0-7 months"
"313","2025-26","MAR","Not Submitted",NA,"Wisconsin",NA,"0-7 months"
"314","2025-26","MAR","6,676",16528,"West Virginia",0.403920619554695,"0-7 months"
"315","2025-26","MAR","Not Submitted",NA,"Wyoming",NA,"0-7 months"
"316","2025-26","NOV","Not Submitted",NA,"Alaska",NA,"0-7 months"
"317","2025-26","NOV","11,880",38172,"Alabama",0.311222885884942,"0-7 months"
"318","2025-26","NOV","8,257",23164,"Arkansas",0.356458297357969,"0-7 months"
"319","2025-26","NOV","5",459,"American Samoa",0.010893246187364,"0-7 months"
"320","2025-26","NOV","Not Submitted",NA,"Arizona",NA,"0-7 months"
"321","2025-26","NOV","Not Submitted",NA,"New York City",NA,"0-7 months"
"322","2025-26","NOV","103,892",269252,"California",0.38585414407321,"0-7 months"
"323","2025-26","NOV","Not Submitted",NA,"Chicago",NA,"0-7 months"
"324","2025-26","NOV","Not Submitted",NA,"Colorado",NA,"0-7 months"
"325","2025-26","NOV","Not Submitted",NA,"Connecticut",NA,"0-7 months"
"326","2025-26","NOV","2,792",5342,"District of Columbia",0.522650692624485,"0-7 months"
"327","2025-26","NOV","Not Submitted",NA,"Delaware",NA,"0-7 months"
"328","2025-26","NOV","40,880",149448,"Florida",0.27353996038756,"0-7 months"
"329","2025-26","NOV","1",1165,"Federated States of Micronesia",0.000858369098712,"0-7 months"
"330","2025-26","NOV","25,610",83135,"Georgia",0.308053166536357,"0-7 months"
"331","2025-26","NOV","267",2027,"Guam",0.131721756290084,"0-7 months"
"332","2025-26","NOV","Not Submitted",NA,"Hawaii",NA,"0-7 months"
"333","2025-26","NOV","10,255",24181,"Iowa",0.424093296389727,"0-7 months"
"334","2025-26","NOV","Not Submitted",NA,"Idaho",NA,"0-7 months"
"335","2025-26","NOV","Not Submitted",NA,"Illinois",NA,"0-7 months"
"336","2025-26","NOV","22,612",52623,"Indiana",0.429698040780647,"0-7 months"
"337","2025-26","NOV","Not Submitted",NA,"Kansas",NA,"0-7 months"
"338","2025-26","NOV","13,446",35036,"Kentucky",0.383776686836397,"0-7 months"
"339","2025-26","NOV","13,984",35592,"Louisiana",0.392897280287705,"0-7 months"
"340","2025-26","NOV","Not Submitted",NA,"Massachusetts",NA,"0-7 months"
"341","2025-26","NOV","Not Submitted",NA,"Maryland",NA,"0-7 months"
"342","2025-26","NOV","Not Submitted",NA,"Maine",NA,"0-7 months"
"343","2025-26","NOV","0",1136,"Marshall Islands",0,"0-7 months"
"344","2025-26","NOV","Not Submitted",NA,"Michigan",NA,"0-7 months"
"345","2025-26","NOV","Not Submitted",NA,"Minnesota",NA,"0-7 months"
"346","2025-26","NOV","16,684",44809,"Missouri",0.372335914660001,"0-7 months"
"347","2025-26","NOV","201",526,"N. Mariana Islands",0.38212927756654,"0-7 months"
"348","2025-26","NOV","7,395",22263,"Mississippi",0.332165476350896,"0-7 months"
"349","2025-26","NOV","2,430",7523,"Montana",0.323009437724312,"0-7 months"
"350","2025-26","NOV","Not Submitted",NA,"North Carolina",NA,"0-7 months"
"351","2025-26","NOV","Not Submitted",NA,"North Dakota",NA,"0-7 months"
"352","2025-26","NOV","Not Submitted",NA,"Nebraska",NA,"0-7 months"
"353","2025-26","NOV","Not Submitted",NA,"New Hampshire",NA,"0-7 months"
"354","2025-26","NOV","Not Submitted",NA,"New Jersey",NA,"0-7 months"
"355","2025-26","NOV","5,433",13783,"New Mexico",0.394181237756657,"0-7 months"
"356","2025-26","NOV","Not Submitted",NA,"Nevada",NA,"0-7 months"
"357","2025-26","NOV","Not Submitted",NA,"New York (excluding New York City)",NA,"0-7 months"
"358","2025-26","NOV","Not Submitted",NA,"Ohio",NA,"0-7 months"
"359","2025-26","NOV","10,349",31505,"Oklahoma",0.328487541660054,"0-7 months"
"360","2025-26","NOV","Not Submitted",NA,"Oregon",NA,"0-7 months"
"361","2025-26","NOV","Not Submitted",NA,"Pennsylvania (excluding Philadelphia County)",NA,"0-7 months"
"362","2025-26","NOV","Not Submitted",NA,"Philadelphia",NA,"0-7 months"
"363","2025-26","NOV","3,190",12085,"Puerto Rico",0.263963591228796,"0-7 months"
"364","2025-26","NOV","Not Submitted",NA,"Rhode Island",NA,"0-7 months"
"365","2025-26","NOV","0",167,"Republic of Palau",0,"0-7 months"
"366","2025-26","NOV","Not Submitted",NA,"South Carolina",NA,"0-7 months"
"367","2025-26","NOV","4,203",7595,"South Dakota",0.55339038841343,"0-7 months"
"368","2025-26","NOV","Not Submitted",NA,"Houston",NA,"0-7 months"
"369","2025-26","NOV","Not Submitted",NA,"Tennessee",NA,"0-7 months"
"370","2025-26","NOV","Not Submitted",NA,"Texas",NA,"0-7 months"
"371","2025-26","NOV","Not Submitted",NA,"Utah",NA,"0-7 months"
"372","2025-26","NOV","Not Submitted",NA,"Virginia",NA,"0-7 months"
"373","2025-26","NOV","Not Submitted",NA,"U.S. Virgin Islands ",NA,"0-7 months"
"374","2025-26","NOV","1,755",3352,"Vermont",0.523568019093079,"0-7 months"
"375","2025-26","NOV","Not Submitted",NA,"Washington",NA,"0-7 months"
"376","2025-26","NOV","Not Submitted",NA,"Wisconsin",NA,"0-7 months"
"377","2025-26","NOV","4,128",11019,"West Virginia",0.3746256466104,"0-7 months"
"378","2025-26","NOV","Not Submitted",NA,"Wyoming",NA,"0-7 months"
"379","2025-26","OCT","Not Submitted",NA,"Alaska",NA,"0-7 months"
"380","2025-26","OCT","7,710",33401,"Alabama",0.230831412233167,"0-7 months"
"381","2025-26","OCT","5,144",20269,"Arkansas",0.253786570625093,"0-7 months"
"382","2025-26","OCT","2",402,"American Samoa",0.004975124378109,"0-7 months"
"383","2025-26","OCT","Not Submitted",NA,"Arizona",NA,"0-7 months"
"384","2025-26","OCT","Not Submitted",NA,"New York City",NA,"0-7 months"
"385","2025-26","OCT","66,174",235596,"California",0.28087913207355,"0-7 months"
"386","2025-26","OCT","Not Submitted",NA,"Chicago",NA,"0-7 months"
"387","2025-26","OCT","Not Submitted",NA,"Colorado",NA,"0-7 months"
"388","2025-26","OCT","Not Submitted",NA,"Connecticut",NA,"0-7 months"
"389","2025-26","OCT","2,123",4674,"District of Columbia",0.454214805305948,"0-7 months"
"390","2025-26","OCT","Not Submitted",NA,"Delaware",NA,"0-7 months"
"391","2025-26","OCT","30,851",130767,"Florida",0.235923436340973,"0-7 months"
"392","2025-26","OCT","1",1019,"Federated States of Micronesia",0.000981354268891,"0-7 months"
"393","2025-26","OCT","16,504",72743,"Georgia",0.226880936997374,"0-7 months"
"394","2025-26","OCT","214",1773,"Guam",0.120699379582628,"0-7 months"
"395","2025-26","OCT","Not Submitted",NA,"Hawaii",NA,"0-7 months"
"396","2025-26","OCT","6,762",21159,"Iowa",0.319580320431022,"0-7 months"
"397","2025-26","OCT","Not Submitted",NA,"Idaho",NA,"0-7 months"
"398","2025-26","OCT","Not Submitted",NA,"Illinois",NA,"0-7 months"
"399","2025-26","OCT","14,761",46045,"Indiana",0.320577695732436,"0-7 months"
"400","2025-26","OCT","Not Submitted",NA,"Kansas",NA,"0-7 months"
"401","2025-26","OCT","8,882",30657,"Kentucky",0.289721760120038,"0-7 months"
"402","2025-26","OCT","9,190",31143,"Louisiana",0.295090389493626,"0-7 months"
"403","2025-26","OCT","Not Submitted",NA,"Massachusetts",NA,"0-7 months"
"404","2025-26","OCT","Not Submitted",NA,"Maryland",NA,"0-7 months"
"405","2025-26","OCT","Not Submitted",NA,"Maine",NA,"0-7 months"
"406","2025-26","OCT","0",994,"Marshall Islands",0,"0-7 months"
"407","2025-26","OCT","Not Submitted",NA,"Michigan",NA,"0-7 months"
"408","2025-26","OCT","Not Submitted",NA,"Minnesota",NA,"0-7 months"
"409","2025-26","OCT","11,398",39208,"Missouri",0.290705978371761,"0-7 months"
"410","2025-26","OCT","170",460,"N. Mariana Islands",0.369565217391304,"0-7 months"
"411","2025-26","OCT","4,503",19480,"Mississippi",0.231160164271047,"0-7 months"
"412","2025-26","OCT","1,493",6583,"Montana",0.226796293483214,"0-7 months"
"413","2025-26","OCT","Not Submitted",NA,"North Carolina",NA,"0-7 months"
"414","2025-26","OCT","Not Submitted",NA,"North Dakota",NA,"0-7 months"
"415","2025-26","OCT","Not Submitted",NA,"Nebraska",NA,"0-7 months"
"416","2025-26","OCT","Not Submitted",NA,"New Hampshire",NA,"0-7 months"
"417","2025-26","OCT","Not Submitted",NA,"New Jersey",NA,"0-7 months"
"418","2025-26","OCT","3,357",12060,"New Mexico",0.278358208955224,"0-7 months"
"419","2025-26","OCT","Not Submitted",NA,"Nevada",NA,"0-7 months"
"420","2025-26","OCT","Not Submitted",NA,"New York (excluding New York City)",NA,"0-7 months"
"421","2025-26","OCT","Not Submitted",NA,"Ohio",NA,"0-7 months"
"422","2025-26","OCT","6,348",27567,"Oklahoma",0.230275329197954,"0-7 months"
"423","2025-26","OCT","Not Submitted",NA,"Oregon",NA,"0-7 months"
"424","2025-26","OCT","Not Submitted",NA,"Pennsylvania (excluding Philadelphia County)",NA,"0-7 months"
"425","2025-26","OCT","Not Submitted",NA,"Philadelphia",NA,"0-7 months"
"426","2025-26","OCT","2,463",10575,"Puerto Rico",0.23290780141844,"0-7 months"
"427","2025-26","OCT","Not Submitted",NA,"Rhode Island",NA,"0-7 months"
"428","2025-26","OCT","0",146,"Republic of Palau",0,"0-7 months"
"429","2025-26","OCT","Not Submitted",NA,"South Carolina",NA,"0-7 months"
"430","2025-26","OCT","2,706",6645,"South Dakota",0.407223476297968,"0-7 months"
"431","2025-26","OCT","Not Submitted",NA,"Houston",NA,"0-7 months"
"432","2025-26","OCT","Not Submitted",NA,"Tennessee",NA,"0-7 months"
"433","2025-26","OCT","Not Submitted",NA,"Texas",NA,"0-7 months"
"434","2025-26","OCT","Not Submitted",NA,"Utah",NA,"0-7 months"
"435","2025-26","OCT","Not Submitted",NA,"Virginia",NA,"0-7 months"
"436","2025-26","OCT","Not Submitted",NA,"U.S. Virgin Islands ",NA,"0-7 months"
"437","2025-26","OCT","1,244",2933,"Vermont",0.424139106716672,"0-7 months"
"438","2025-26","OCT","Not Submitted",NA,"Washington",NA,"0-7 months"
"439","2025-26","OCT","Not Submitted",NA,"Wisconsin",NA,"0-7 months"
"440","2025-26","OCT","2,761",9641,"West Virginia",0.286381080800747,"0-7 months"
"441","2025-26","OCT","Not Submitted",NA,"Wyoming",NA,"0-7 months"
"442","2025-26","SEP","Not Submitted",NA,"Alaska",NA,"0-7 months"
"443","2025-26","SEP","280",28629,"Alabama",0.009780292710189,"0-7 months"
"444","2025-26","SEP","190",17373,"Arkansas",0.010936510677488,"0-7 months"
"445","2025-26","SEP","0",345,"American Samoa",0,"0-7 months"
"446","2025-26","SEP","Not Submitted",NA,"Arizona",NA,"0-7 months"
"447","2025-26","SEP","Not Submitted",NA,"New York City",NA,"0-7 months"
"448","2025-26","SEP","3,626",201939,"California",0.017955917380991,"0-7 months"
"449","2025-26","SEP","Not Submitted",NA,"Chicago",NA,"0-7 months"
"450","2025-26","SEP","Not Submitted",NA,"Colorado",NA,"0-7 months"
"451","2025-26","SEP","Not Submitted",NA,"Connecticut",NA,"0-7 months"
"452","2025-26","SEP","123",4007,"District of Columbia",0.030696281507362,"0-7 months"
"453","2025-26","SEP","Not Submitted",NA,"Delaware",NA,"0-7 months"
"454","2025-26","SEP","16,250",112086,"Florida",0.144977963349571,"0-7 months"
"455","2025-26","SEP","1",874,"Federated States of Micronesia",0.001144164759725,"0-7 months"
"456","2025-26","SEP","1,429",62352,"Georgia",0.02291827046446,"0-7 months"
"457","2025-26","SEP","157",1520,"Guam",0.103289473684211,"0-7 months"
"458","2025-26","SEP","Not Submitted",NA,"Hawaii",NA,"0-7 months"
"459","2025-26","SEP","568",18136,"Iowa",0.031318923687693,"0-7 months"
"460","2025-26","SEP","Not Submitted",NA,"Idaho",NA,"0-7 months"
"461","2025-26","SEP","Not Submitted",NA,"Illinois",NA,"0-7 months"
"462","2025-26","SEP","867",39468,"Indiana",0.021967163271511,"0-7 months"
"463","2025-26","SEP","Not Submitted",NA,"Kansas",NA,"0-7 months"
"464","2025-26","SEP","312",26277,"Kentucky",0.011873501541272,"0-7 months"
"465","2025-26","SEP","801",26694,"Louisiana",0.030006743088334,"0-7 months"
"466","2025-26","SEP","Not Submitted",NA,"Massachusetts",NA,"0-7 months"
"467","2025-26","SEP","Not Submitted",NA,"Maryland",NA,"0-7 months"
"468","2025-26","SEP","Not Submitted",NA,"Maine",NA,"0-7 months"
"469","2025-26","SEP","0",852,"Marshall Islands",0,"0-7 months"
"470","2025-26","SEP","Not Submitted",NA,"Michigan",NA,"0-7 months"
"471","2025-26","SEP","Not Submitted",NA,"Minnesota",NA,"0-7 months"
"472","2025-26","SEP","339",33607,"Missouri",0.010087184217574,"0-7 months"
"473","2025-26","SEP","131",395,"N. Mariana Islands",0.331645569620253,"0-7 months"
"474","2025-26","SEP","331",16698,"Mississippi",0.019822733261468,"0-7 months"
"475","2025-26","SEP","38",5643,"Montana",0.006734006734007,"0-7 months"
"476","2025-26","SEP","Not Submitted",NA,"North Carolina",NA,"0-7 months"
"477","2025-26","SEP","Not Submitted",NA,"North Dakota",NA,"0-7 months"
"478","2025-26","SEP","Not Submitted",NA,"Nebraska",NA,"0-7 months"
"479","2025-26","SEP","Not Submitted",NA,"New Hampshire",NA,"0-7 months"
"480","2025-26","SEP","Not Submitted",NA,"New Jersey",NA,"0-7 months"
"481","2025-26","SEP","75",10338,"New Mexico",0.007254788160186,"0-7 months"
"482","2025-26","SEP","Not Submitted",NA,"Nevada",NA,"0-7 months"
"483","2025-26","SEP","Not Submitted",NA,"New York (excluding New York City)",NA,"0-7 months"
"484","2025-26","SEP","Not Submitted",NA,"Ohio",NA,"0-7 months"
"485","2025-26","SEP","311",23629,"Oklahoma",0.013161792712345,"0-7 months"
"486","2025-26","SEP","Not Submitted",NA,"Oregon",NA,"0-7 months"
"487","2025-26","SEP","Not Submitted",NA,"Pennsylvania (excluding Philadelphia County)",NA,"0-7 months"
"488","2025-26","SEP","Not Submitted",NA,"Philadelphia",NA,"0-7 months"
"489","2025-26","SEP","1,704",9064,"Puerto Rico",0.187996469549868,"0-7 months"
"490","2025-26","SEP","Not Submitted",NA,"Rhode Island",NA,"0-7 months"
"491","2025-26","SEP","0",126,"Republic of Palau",0,"0-7 months"
"492","2025-26","SEP","Not Submitted",NA,"South Carolina",NA,"0-7 months"
"493","2025-26","SEP","42",5696,"South Dakota",0.007373595505618,"0-7 months"
"494","2025-26","SEP","Not Submitted",NA,"Houston",NA,"0-7 months"
"495","2025-26","SEP","Not Submitted",NA,"Tennessee",NA,"0-7 months"
"496","2025-26","SEP","Not Submitted",NA,"Texas",NA,"0-7 months"
"497","2025-26","SEP","Not Submitted",NA,"Utah",NA,"0-7 months"
"498","2025-26","SEP","Not Submitted",NA,"Virginia",NA,"0-7 months"
"499","2025-26","SEP","Not Submitted",NA,"U.S. Virgin Islands ",NA,"0-7 months"
"500","2025-26","SEP","13",2514,"Vermont",0.005171042163882,"0-7 months"
"501","2025-26","SEP","Not Submitted",NA,"Washington",NA,"0-7 months"
"502","2025-26","SEP","Not Submitted",NA,"Wisconsin",NA,"0-7 months"
"503","2025-26","SEP","339",8264,"West Virginia",0.041021297192643,"0-7 months"
"504","2025-26","SEP","Not Submitted",NA,"Wyoming",NA,"0-7 months"
