"state_fips_code","state_name","age_group","age_group_population"
"01","Alabama","0-1mo",9813.9
"01","Alabama","2-3mo",9813.9
"01","Alabama","4-5mo",9813.9
"01","Alabama","6-7mo",9813.9
"01","Alabama","8-11mo",19627.8
"01","Alabama","12-19mo",39255.6
"01","Alabama","20mo-4y",196278
"01","Alabama","5-17y",833584
"01","Alabama","18-49y",2057609
"01","Alabama","50-59y",644311
"01","Alabama","60-64y",340122
"01","Alabama","65-74y",532135
"01","Alabama","75+y",352075
"02","Alaska","0-1mo",1594.16666666667
"02","Alaska","2-3mo",1594.16666666667
"02","Alaska","4-5mo",1594.16666666667
"02","Alaska","6-7mo",1594.16666666667
"02","Alaska","8-11mo",3188.33333333333
"02","Alaska","12-19mo",6376.66666666667
"02","Alaska","20mo-4y",31883.3333333333
"02","Alaska","5-17y",130633
"02","Alaska","18-49y",325324
"02","Alaska","50-59y",86499
"02","Alaska","60-64y",45875
"02","Alaska","65-74y",65956
"02","Alaska","75+y",31859
"04","Arizona","0-1mo",13316.6333333333
"04","Arizona","2-3mo",13316.6333333333
"04","Arizona","4-5mo",13316.6333333333
"04","Arizona","6-7mo",13316.6333333333
"04","Arizona","8-11mo",26633.2666666667
"04","Arizona","12-19mo",53266.5333333333
"04","Arizona","20mo-4y",266332.666666667
"04","Arizona","5-17y",1195281
"04","Arizona","18-49y",3016728
"04","Arizona","50-59y",858866
"04","Arizona","60-64y",447867
"04","Arizona","65-74y",779001
"04","Arizona","75+y",570933
"05","Arkansas","0-1mo",6081.26666666667
"05","Arkansas","2-3mo",6081.26666666667
"05","Arkansas","4-5mo",6081.26666666667
"05","Arkansas","6-7mo",6081.26666666666
"05","Arkansas","8-11mo",12162.5333333333
"05","Arkansas","12-19mo",24325.0666666667
"05","Arkansas","20mo-4y",121625.333333333
"05","Arkansas","5-17y",523441
"05","Arkansas","18-49y",1237586
"05","Arkansas","50-59y",369899
"05","Arkansas","60-64y",193643
"05","Arkansas","65-74y",309671
"05","Arkansas","75+y",215973
"06","California","0-1mo",73804.7
"06","California","2-3mo",73804.7
"06","California","4-5mo",73804.7
"06","California","6-7mo",73804.7
"06","California","8-11mo",147609.4
"06","California","12-19mo",295218.8
"06","California","20mo-4y",1476094
"06","California","5-17y",6514871
"06","California","18-49y",17261350
"06","California","50-59y",4928287
"06","California","60-64y",2329650
"06","California","65-74y",3534613
"06","California","75+y",2459873
"08","Colorado","0-1mo",10515.6666666667
"08","Colorado","2-3mo",10515.6666666667
"08","Colorado","4-5mo",10515.6666666667
"08","Colorado","6-7mo",10515.6666666667
"08","Colorado","8-11mo",21031.3333333333
"08","Colorado","12-19mo",42062.6666666667
"08","Colorado","20mo-4y",210313.333333333
"08","Colorado","5-17y",925412
"08","Colorado","18-49y",2637437
"08","Colorado","50-59y",699082
"08","Colorado","60-64y",350816
"08","Colorado","65-74y",551146
"08","Colorado","75+y",331411
"09","Connecticut","0-1mo",6041.33333333333
"09","Connecticut","2-3mo",6041.33333333333
"09","Connecticut","4-5mo",6041.33333333333
"09","Connecticut","6-7mo",6041.33333333333
"09","Connecticut","8-11mo",12082.6666666667
"09","Connecticut","12-19mo",24165.3333333333
"09","Connecticut","20mo-4y",120826.666666667
"09","Connecticut","5-17y",552758
"09","Connecticut","18-49y",1449361
"09","Connecticut","50-59y",506669
"09","Connecticut","60-64y",257548
"09","Connecticut","65-74y",376023
"09","Connecticut","75+y",274749
"10","Delaware","0-1mo",1818.16666666667
"10","Delaware","2-3mo",1818.16666666667
"10","Delaware","4-5mo",1818.16666666667
"10","Delaware","6-7mo",1818.16666666667
"10","Delaware","8-11mo",3636.33333333333
"10","Delaware","12-19mo",7272.66666666667
"10","Delaware","20mo-4y",36363.3333333333
"10","Delaware","5-17y",155851
"10","Delaware","18-49y",389932
"10","Delaware","50-59y",130205
"10","Delaware","60-64y",74084
"10","Delaware","65-74y",122790
"10","Delaware","75+y",78465
"11","District of Columbia","0-1mo",1363.86666666667
"11","District of Columbia","2-3mo",1363.86666666667
"11","District of Columbia","4-5mo",1363.86666666667
"11","District of Columbia","6-7mo",1363.86666666667
"11","District of Columbia","8-11mo",2727.73333333333
"11","District of Columbia","12-19mo",5455.46666666667
"11","District of Columbia","20mo-4y",27277.3333333333
"11","District of Columbia","5-17y",84759
"11","District of Columbia","18-49y",359824
"11","District of Columbia","50-59y",68061
"11","District of Columbia","60-64y",33018
"11","District of Columbia","65-74y",50006
"11","District of Columbia","75+y",35495
"12","Florida","0-1mo",37144.2666666667
"12","Florida","2-3mo",37144.2666666667
"12","Florida","4-5mo",37144.2666666667
"12","Florida","6-7mo",37144.2666666667
"12","Florida","8-11mo",74288.5333333333
"12","Florida","12-19mo",148577.066666667
"12","Florida","20mo-4y",742885.333333333
"12","Florida","5-17y",3191038
"12","Florida","18-49y",8616305
"12","Florida","50-59y",2884589
"12","Florida","60-64y",1491888
"12","Florida","65-74y",2566979
"12","Florida","75+y",2063754
"13","Georgia","0-1mo",21303.7
"13","Georgia","2-3mo",21303.7
"13","Georgia","4-5mo",21303.7
"13","Georgia","6-7mo",21303.7
"13","Georgia","8-11mo",42607.4
"13","Georgia","12-19mo",85214.8
"13","Georgia","20mo-4y",426074
"13","Georgia","5-17y",1902961
"13","Georgia","18-49y",4655684
"13","Georgia","50-59y",1398807
"13","Georgia","60-64y",644764
"13","Georgia","65-74y",975075
"13","Georgia","75+y",606188
"15","Hawaii","0-1mo",2734.03333333333
"15","Hawaii","2-3mo",2734.03333333333
"15","Hawaii","4-5mo",2734.03333333333
"15","Hawaii","6-7mo",2734.03333333333
"15","Hawaii","8-11mo",5468.06666666667
"15","Hawaii","12-19mo",10936.1333333333
"15","Hawaii","20mo-4y",54680.6666666667
"15","Hawaii","5-17y",219451
"15","Hawaii","18-49y",586930
"15","Hawaii","50-59y",176292
"15","Hawaii","60-64y",93299
"15","Hawaii","65-74y",163045
"15","Hawaii","75+y",124597
"16","Idaho","0-1mo",3775.53333333333
"16","Idaho","2-3mo",3775.53333333333
"16","Idaho","4-5mo",3775.53333333333
"16","Idaho","6-7mo",3775.53333333333
"16","Idaho","8-11mo",7551.06666666667
"16","Idaho","12-19mo",15102.1333333333
"16","Idaho","20mo-4y",75510.6666666667
"16","Idaho","5-17y",349901
"16","Idaho","18-49y",785458
"16","Idaho","50-59y",214247
"16","Idaho","60-64y",116033
"16","Idaho","65-74y",192952
"16","Idaho","75+y",121439
"17","Illinois","0-1mo",23621
"17","Illinois","2-3mo",23621
"17","Illinois","4-5mo",23621
"17","Illinois","6-7mo",23621
"17","Illinois","8-11mo",47242
"17","Illinois","12-19mo",94484
"17","Illinois","20mo-4y",472420
"17","Illinois","5-17y",2100249
"17","Illinois","18-49y",5331411
"17","Illinois","50-59y",1634679
"17","Illinois","60-64y",815851
"17","Illinois","65-74y",1246228
"17","Illinois","75+y",855605
"18","Indiana","0-1mo",13727.4333333333
"18","Indiana","2-3mo",13727.4333333333
"18","Indiana","4-5mo",13727.4333333333
"18","Indiana","6-7mo",13727.4333333333
"18","Indiana","8-11mo",27454.8666666667
"18","Indiana","12-19mo",54909.7333333333
"18","Indiana","20mo-4y",274548.666666667
"18","Indiana","5-17y",1184248
"18","Indiana","18-49y",2812836
"18","Indiana","50-59y",851025
"18","Indiana","60-64y",435517
"18","Indiana","65-74y",671556
"18","Indiana","75+y",444747
"19","Iowa","0-1mo",6286
"19","Iowa","2-3mo",6286
"19","Iowa","4-5mo",6286
"19","Iowa","6-7mo",6286
"19","Iowa","8-11mo",12572
"19","Iowa","12-19mo",25144
"19","Iowa","20mo-4y",125720
"19","Iowa","5-17y",547999
"19","Iowa","18-49y",1295458
"19","Iowa","50-59y",381876
"19","Iowa","60-64y",212943
"19","Iowa","65-74y",331863
"19","Iowa","75+y",237218
"20","Kansas","0-1mo",5982
"20","Kansas","2-3mo",5982
"20","Kansas","4-5mo",5982
"20","Kansas","6-7mo",5982
"20","Kansas","8-11mo",11964
"20","Kansas","12-19mo",23928
"20","Kansas","20mo-4y",119640
"20","Kansas","5-17y",525361
"20","Kansas","18-49y",1214560
"20","Kansas","50-59y",342858
"20","Kansas","60-64y",188671
"20","Kansas","65-74y",288902
"20","Kansas","75+y",197757
"21","Kentucky","0-1mo",8912.1
"21","Kentucky","2-3mo",8912.1
"21","Kentucky","4-5mo",8912.1
"21","Kentucky","6-7mo",8912.1
"21","Kentucky","8-11mo",17824.2
"21","Kentucky","12-19mo",35648.4
"21","Kentucky","20mo-4y",178242
"21","Kentucky","5-17y",755383
"21","Kentucky","18-49y",1839581
"21","Kentucky","50-59y",579884
"21","Kentucky","60-64y",300519
"21","Kentucky","65-74y",469194
"21","Kentucky","75+y",298801
"22","Louisiana","0-1mo",9635.7
"22","Louisiana","2-3mo",9635.7
"22","Louisiana","4-5mo",9635.7
"22","Louisiana","6-7mo",9635.7
"22","Louisiana","8-11mo",19271.4
"22","Louisiana","12-19mo",38542.8
"22","Louisiana","20mo-4y",192714
"22","Louisiana","5-17y",799592
"22","Louisiana","18-49y",1917491
"22","Louisiana","50-59y",560728
"22","Louisiana","60-64y",300289
"22","Louisiana","65-74y",462712
"22","Louisiana","75+y",291142
"23","Maine","0-1mo",2097.16666666667
"23","Maine","2-3mo",2097.16666666667
"23","Maine","4-5mo",2097.16666666667
"23","Maine","6-7mo",2097.16666666667
"23","Maine","8-11mo",4194.33333333333
"23","Maine","12-19mo",8388.66666666667
"23","Maine","20mo-4y",41943.3333333333
"23","Maine","5-17y",188967
"23","Maine","18-49y",521117
"23","Maine","50-59y",193030
"23","Maine","60-64y",110210
"23","Maine","65-74y",181795
"23","Maine","75+y",119366
"24","Maryland","0-1mo",11978
"24","Maryland","2-3mo",11978
"24","Maryland","4-5mo",11978
"24","Maryland","6-7mo",11978
"24","Maryland","8-11mo",23956
"24","Maryland","12-19mo",47912
"24","Maryland","20mo-4y",239560
"24","Maryland","5-17y",1016596
"24","Maryland","18-49y",2549586
"24","Maryland","50-59y",830469
"24","Maryland","60-64y",411528
"24","Maryland","65-74y",597804
"24","Maryland","75+y",405415
"25","Massachusetts","0-1mo",11677.8333333333
"25","Massachusetts","2-3mo",11677.8333333333
"25","Massachusetts","4-5mo",11677.8333333333
"25","Massachusetts","6-7mo",11677.8333333333
"25","Massachusetts","8-11mo",23355.6666666667
"25","Massachusetts","12-19mo",46711.3333333333
"25","Massachusetts","20mo-4y",233556.666666667
"25","Massachusetts","5-17y",1018073
"25","Massachusetts","18-49y",2978204
"25","Massachusetts","50-59y",949808
"25","Massachusetts","60-64y",474626
"25","Massachusetts","65-74y",721438
"25","Massachusetts","75+y",499911
"26","Michigan","0-1mo",18318.0333333333
"26","Michigan","2-3mo",18318.0333333333
"26","Michigan","4-5mo",18318.0333333333
"26","Michigan","6-7mo",18318.0333333333
"26","Michigan","8-11mo",36636.0666666667
"26","Michigan","12-19mo",73272.1333333333
"26","Michigan","20mo-4y",366360.666666667
"26","Michigan","5-17y",1605252
"26","Michigan","18-49y",4041429
"26","Michigan","50-59y",1321382
"26","Michigan","60-64y",709084
"26","Michigan","65-74y",1105482
"26","Michigan","75+y",719425
"27","Minnesota","0-1mo",11303.5
"27","Minnesota","2-3mo",11303.5
"27","Minnesota","4-5mo",11303.5
"27","Minnesota","6-7mo",11303.5
"27","Minnesota","8-11mo",22607
"27","Minnesota","12-19mo",45214
"27","Minnesota","20mo-4y",226070
"27","Minnesota","5-17y",978154
"27","Minnesota","18-49y",2339426
"27","Minnesota","50-59y",714649
"27","Minnesota","60-64y",380239
"27","Minnesota","65-74y",571959
"27","Minnesota","75+y",390184
"28","Mississippi","0-1mo",5904.83333333333
"28","Mississippi","2-3mo",5904.83333333333
"28","Mississippi","4-5mo",5904.83333333333
"28","Mississippi","6-7mo",5904.83333333333
"28","Mississippi","8-11mo",11809.6666666667
"28","Mississippi","12-19mo",23619.3333333333
"28","Mississippi","20mo-4y",118096.666666667
"28","Mississippi","5-17y",515190
"28","Mississippi","18-49y",1206654
"28","Mississippi","50-59y",362710
"28","Mississippi","60-64y",194624
"28","Mississippi","65-74y",300288
"28","Mississippi","75+y",194827
"29","Missouri","0-1mo",11997.1666666667
"29","Missouri","2-3mo",11997.1666666667
"29","Missouri","4-5mo",11997.1666666667
"29","Missouri","6-7mo",11997.1666666667
"29","Missouri","8-11mo",23994.3333333333
"29","Missouri","12-19mo",47988.6666666667
"29","Missouri","20mo-4y",239943.333333333
"29","Missouri","5-17y",1026656
"29","Missouri","18-49y",2514503
"29","Missouri","50-59y",769726
"29","Missouri","60-64y",418252
"29","Missouri","65-74y",640198
"29","Missouri","75+y",438931
"30","Montana","0-1mo",1961.06666666667
"30","Montana","2-3mo",1961.06666666667
"30","Montana","4-5mo",1961.06666666667
"30","Montana","6-7mo",1961.06666666667
"30","Montana","8-11mo",3922.13333333333
"30","Montana","12-19mo",7844.26666666667
"30","Montana","20mo-4y",39221.3333333333
"30","Montana","5-17y",176110
"30","Montana","18-49y",443431
"30","Montana","50-59y",130056
"30","Montana","60-64y",78978
"30","Montana","65-74y",134490
"30","Montana","75+y",83175
"31","Nebraska","0-1mo",4233.5
"31","Nebraska","2-3mo",4233.5
"31","Nebraska","4-5mo",4233.5
"31","Nebraska","6-7mo",4233.5
"31","Nebraska","8-11mo",8467
"31","Nebraska","12-19mo",16934
"31","Nebraska","20mo-4y",84670
"31","Nebraska","5-17y",357745
"31","Nebraska","18-49y",809390
"31","Nebraska","50-59y",224130
"31","Nebraska","60-64y",125491
"31","Nebraska","65-74y",191339
"31","Nebraska","75+y",130826
"32","Nevada","0-1mo",5898.56666666667
"32","Nevada","2-3mo",5898.56666666667
"32","Nevada","4-5mo",5898.56666666667
"32","Nevada","6-7mo",5898.56666666667
"32","Nevada","8-11mo",11797.1333333333
"32","Nevada","12-19mo",23594.2666666667
"32","Nevada","20mo-4y",117971.333333333
"32","Nevada","5-17y",515914
"32","Nevada","18-49y",1331992
"32","Nevada","50-59y",400979
"32","Nevada","60-64y",192741
"32","Nevada","65-74y",320868
"32","Nevada","75+y",201549
"33","New Hampshire","0-1mo",2106.83333333333
"33","New Hampshire","2-3mo",2106.83333333333
"33","New Hampshire","4-5mo",2106.83333333333
"33","New Hampshire","6-7mo",2106.83333333333
"33","New Hampshire","8-11mo",4213.66666666667
"33","New Hampshire","12-19mo",8427.33333333333
"33","New Hampshire","20mo-4y",42136.6666666667
"33","New Hampshire","5-17y",193701
"33","New Hampshire","18-49y",547059
"33","New Hampshire","50-59y",203510
"33","New Hampshire","60-64y",109834
"33","New Hampshire","65-74y",165496
"33","New Hampshire","75+y",105029
"34","New Jersey","0-1mo",17546.6666666667
"34","New Jersey","2-3mo",17546.6666666667
"34","New Jersey","4-5mo",17546.6666666667
"34","New Jersey","6-7mo",17546.6666666667
"34","New Jersey","8-11mo",35093.3333333333
"34","New Jersey","12-19mo",70186.6666666667
"34","New Jersey","20mo-4y",350933.333333333
"34","New Jersey","5-17y",1504922
"34","New Jersey","18-49y",3773404
"34","New Jersey","50-59y",1280292
"34","New Jersey","60-64y",622180
"34","New Jersey","65-74y",908983
"34","New Jersey","75+y",650833
"35","New Mexico","0-1mo",3764.96666666667
"35","New Mexico","2-3mo",3764.96666666667
"35","New Mexico","4-5mo",3764.96666666667
"35","New Mexico","6-7mo",3764.96666666667
"35","New Mexico","8-11mo",7529.93333333333
"35","New Mexico","12-19mo",15059.8666666667
"35","New Mexico","20mo-4y",75299.3333333333
"35","New Mexico","5-17y",353668
"35","New Mexico","18-49y",861480
"35","New Mexico","50-59y",247541
"35","New Mexico","60-64y",141974
"35","New Mexico","65-74y",239187
"35","New Mexico","75+y",157969
"36","New York","0-1mo",36765.3666666667
"36","New York","2-3mo",36765.3666666667
"36","New York","4-5mo",36765.3666666667
"36","New York","6-7mo",36765.3666666667
"36","New York","8-11mo",73530.7333333333
"36","New York","12-19mo",147061.466666667
"36","New York","20mo-4y",735307.333333333
"36","New York","5-17y",3006316
"36","New York","18-49y",8342571
"36","New York","50-59y",2638363
"36","New York","60-64y",1320922
"36","New York","65-74y",2010786
"36","New York","75+y",1450400
"37","North Carolina","0-1mo",19943.7666666667
"37","North Carolina","2-3mo",19943.7666666667
"37","North Carolina","4-5mo",19943.7666666667
"37","North Carolina","6-7mo",19943.7666666667
"37","North Carolina","8-11mo",39887.5333333333
"37","North Carolina","12-19mo",79775.0666666667
"37","North Carolina","20mo-4y",398875.333333333
"37","North Carolina","5-17y",1724510
"37","North Carolina","18-49y",4421343
"37","North Carolina","50-59y",1374729
"37","North Carolina","60-64y",678418
"37","North Carolina","65-74y",1081435
"37","North Carolina","75+y",705592
"38","North Dakota","0-1mo",1712.4
"38","North Dakota","2-3mo",1712.4
"38","North Dakota","4-5mo",1712.4
"38","North Dakota","6-7mo",1712.4
"38","North Dakota","8-11mo",3424.8
"38","North Dakota","12-19mo",6849.6
"38","North Dakota","20mo-4y",34248
"38","North Dakota","5-17y",133420
"38","North Dakota","18-49y",336586
"38","North Dakota","50-59y",84526
"38","North Dakota","60-64y",47337
"38","North Dakota","65-74y",73010
"38","North Dakota","75+y",53110
"39","Ohio","0-1mo",22520.5333333333
"39","Ohio","2-3mo",22520.5333333333
"39","Ohio","4-5mo",22520.5333333333
"39","Ohio","6-7mo",22520.5333333333
"39","Ohio","8-11mo",45041.0666666667
"39","Ohio","12-19mo",90082.1333333333
"39","Ohio","20mo-4y",450410.666666667
"39","Ohio","5-17y",1934563
"39","Ohio","18-49y",4743927
"39","Ohio","50-59y",1521443
"39","Ohio","60-64y",801454
"39","Ohio","65-74y",1263275
"39","Ohio","75+y",839768
"40","Oklahoma","0-1mo",8254.86666666666
"40","Oklahoma","2-3mo",8254.86666666666
"40","Oklahoma","4-5mo",8254.86666666667
"40","Oklahoma","6-7mo",8254.86666666666
"40","Oklahoma","8-11mo",16509.7333333333
"40","Oklahoma","12-19mo",33019.4666666667
"40","Oklahoma","20mo-4y",165097.333333333
"40","Oklahoma","5-17y",715737
"40","Oklahoma","18-49y",1678958
"40","Oklahoma","50-59y",464667
"40","Oklahoma","60-64y",246078
"40","Oklahoma","65-74y",382688
"40","Oklahoma","75+y",259486
"41","Oregon","0-1mo",7082.83333333333
"41","Oregon","2-3mo",7082.83333333333
"41","Oregon","4-5mo",7082.83333333333
"41","Oregon","6-7mo",7082.83333333333
"41","Oregon","8-11mo",14165.6666666667
"41","Oregon","12-19mo",28331.3333333333
"41","Oregon","20mo-4y",141656.666666667
"41","Oregon","5-17y",643809
"41","Oregon","18-49y",1808292
"41","Oregon","50-59y",510712
"41","Oregon","60-64y",273806
"41","Oregon","65-74y",481732
"41","Oregon","75+y",307878
"42","Pennsylvania","0-1mo",22845.9666666667
"42","Pennsylvania","2-3mo",22845.9666666667
"42","Pennsylvania","4-5mo",22845.9666666667
"42","Pennsylvania","6-7mo",22845.9666666667
"42","Pennsylvania","8-11mo",45691.9333333333
"42","Pennsylvania","12-19mo",91383.8666666667
"42","Pennsylvania","20mo-4y",456919.333333333
"42","Pennsylvania","5-17y",1988432
"42","Pennsylvania","18-49y",5204417
"42","Pennsylvania","50-59y",1712952
"42","Pennsylvania","60-64y",919097
"42","Pennsylvania","65-74y",1449939
"42","Pennsylvania","75+y",1026302
"44","Rhode Island","0-1mo",1793.76666666667
"44","Rhode Island","2-3mo",1793.76666666667
"44","Rhode Island","4-5mo",1793.76666666667
"44","Rhode Island","6-7mo",1793.76666666667
"44","Rhode Island","8-11mo",3587.53333333333
"44","Rhode Island","12-19mo",7175.06666666667
"44","Rhode Island","20mo-4y",35875.3333333333
"44","Rhode Island","5-17y",154667
"44","Rhode Island","18-49y",461576
"44","Rhode Island","50-59y",146359
"44","Rhode Island","60-64y",79035
"44","Rhode Island","65-74y",117066
"44","Rhode Island","75+y",82855
"45","South Carolina","0-1mo",9595.6
"45","South Carolina","2-3mo",9595.6
"45","South Carolina","4-5mo",9595.6
"45","South Carolina","6-7mo",9595.6
"45","South Carolina","8-11mo",19191.2
"45","South Carolina","12-19mo",38382.4
"45","South Carolina","20mo-4y",191912
"45","South Carolina","5-17y",839194
"45","South Carolina","18-49y",2102557
"45","South Carolina","50-59y",662060
"45","South Carolina","60-64y",357526
"45","South Carolina","65-74y",589960
"45","South Carolina","75+y",373609
"46","South Dakota","0-1mo",1937.36666666667
"46","South Dakota","2-3mo",1937.36666666667
"46","South Dakota","4-5mo",1937.36666666667
"46","South Dakota","6-7mo",1937.36666666667
"46","South Dakota","8-11mo",3874.73333333333
"46","South Dakota","12-19mo",7749.46666666667
"46","South Dakota","20mo-4y",38747.3333333333
"46","South Dakota","5-17y",161699
"46","South Dakota","18-49y",357117
"46","South Dakota","50-59y",103470
"46","South Dakota","60-64y",60684
"46","South Dakota","65-74y",96277
"46","South Dakota","75+y",61826
"47","Tennessee","0-1mo",13655.8333333333
"47","Tennessee","2-3mo",13655.8333333333
"47","Tennessee","4-5mo",13655.8333333333
"47","Tennessee","6-7mo",13655.8333333333
"47","Tennessee","8-11mo",27311.6666666667
"47","Tennessee","12-19mo",54623.3333333333
"47","Tennessee","20mo-4y",273116.666666667
"47","Tennessee","5-17y",1148331
"47","Tennessee","18-49y",2902160
"47","Tennessee","50-59y",900620
"47","Tennessee","60-64y",452556
"47","Tennessee","65-74y",713499
"47","Tennessee","75+y",459241
"48","Texas","0-1mo",64274.7333333333
"48","Texas","2-3mo",64274.7333333333
"48","Texas","4-5mo",64274.7333333333
"48","Texas","6-7mo",64274.7333333333
"48","Texas","8-11mo",128549.466666667
"48","Texas","12-19mo",257098.933333333
"48","Texas","20mo-4y",1285494.66666667
"48","Texas","5-17y",5554288
"48","Texas","18-49y",13144054
"48","Texas","50-59y",3483488
"48","Texas","60-64y",1624726
"48","Texas","65-74y",2399654
"48","Texas","75+y",1505891
"49","Utah","0-1mo",7938.2
"49","Utah","2-3mo",7938.2
"49","Utah","4-5mo",7938.2
"49","Utah","6-7mo",7938.2
"49","Utah","8-11mo",15876.4
"49","Utah","12-19mo",31752.8
"49","Utah","20mo-4y",158764
"49","Utah","5-17y",705986
"49","Utah","18-49y",1525736
"49","Utah","50-59y",320313
"49","Utah","60-64y",153978
"49","Utah","65-74y",237812
"49","Utah","75+y",149216
"50","Vermont","0-1mo",935.1
"50","Vermont","2-3mo",935.1
"50","Vermont","4-5mo",935.1
"50","Vermont","6-7mo",935.1
"50","Vermont","8-11mo",1870.2
"50","Vermont","12-19mo",3740.4
"50","Vermont","20mo-4y",18702
"50","Vermont","5-17y",89124
"50","Vermont","18-49y",256389
"50","Vermont","50-59y",86498
"50","Vermont","60-64y",51049
"50","Vermont","65-74y",81935
"50","Vermont","75+y",52206
"51","Virginia","0-1mo",16509.3666666667
"51","Virginia","2-3mo",16509.3666666667
"51","Virginia","4-5mo",16509.3666666667
"51","Virginia","6-7mo",16509.3666666667
"51","Virginia","8-11mo",33018.7333333333
"51","Virginia","12-19mo",66037.4666666667
"51","Virginia","20mo-4y",330187.333333333
"51","Virginia","5-17y",1398704
"51","Virginia","18-49y",3676483
"51","Virginia","50-59y",1127001
"51","Virginia","60-64y",549870
"51","Virginia","65-74y",842592
"51","Virginia","75+y",567568
"53","Washington","0-1mo",14581.1
"53","Washington","2-3mo",14581.1
"53","Washington","4-5mo",14581.1
"53","Washington","6-7mo",14581.1
"53","Washington","8-11mo",29162.2
"53","Washington","12-19mo",58324.4
"53","Washington","20mo-4y",291622
"53","Washington","5-17y",1238465
"53","Washington","18-49y",3386867
"53","Washington","50-59y",930049
"53","Washington","60-64y",488857
"53","Washington","65-74y",772064
"53","Washington","75+y",487249
"54","West Virginia","0-1mo",2976.93333333333
"54","West Virginia","2-3mo",2976.93333333333
"54","West Virginia","4-5mo",2976.93333333333
"54","West Virginia","6-7mo",2976.93333333333
"54","West Virginia","8-11mo",5953.86666666667
"54","West Virginia","12-19mo",11907.7333333333
"54","West Virginia","20mo-4y",59538.6666666667
"54","West Virginia","5-17y",270103
"54","West Virginia","18-49y",693137
"54","West Virginia","50-59y",234596
"54","West Virginia","60-64y",128329
"54","West Virginia","65-74y",222667
"54","West Virginia","75+y",146322
"55","Wisconsin","0-1mo",10681.7
"55","Wisconsin","2-3mo",10681.7
"55","Wisconsin","4-5mo",10681.7
"55","Wisconsin","6-7mo",10681.7
"55","Wisconsin","8-11mo",21363.4
"55","Wisconsin","12-19mo",42726.8
"55","Wisconsin","20mo-4y",213634
"55","Wisconsin","5-17y",953859
"55","Wisconsin","18-49y",2363425
"55","Wisconsin","50-59y",777734
"55","Wisconsin","60-64y",414433
"55","Wisconsin","65-74y",642235
"55","Wisconsin","75+y",419886
"56","Wyoming","0-1mo",1064.93333333333
"56","Wyoming","2-3mo",1064.93333333333
"56","Wyoming","4-5mo",1064.93333333333
"56","Wyoming","6-7mo",1064.93333333333
"56","Wyoming","8-11mo",2129.86666666667
"56","Wyoming","12-19mo",4259.73333333333
"56","Wyoming","20mo-4y",21298.6666666667
"56","Wyoming","5-17y",100411
"56","Wyoming","18-49y",235899
"56","Wyoming","50-59y",67713
"56","Wyoming","60-64y",39469
"56","Wyoming","65-74y",65327
"56","Wyoming","75+y",38994
"72","Puerto Rico","0-1mo",3568.5
"72","Puerto Rico","2-3mo",3568.5
"72","Puerto Rico","4-5mo",3568.5
"72","Puerto Rico","6-7mo",3568.5
"72","Puerto Rico","8-11mo",7137
"72","Puerto Rico","12-19mo",14274
"72","Puerto Rico","20mo-4y",71370
"72","Puerto Rico","5-17y",436881
"72","Puerto Rico","18-49y",1317784
"72","Puerto Rico","50-59y",430363
"72","Puerto Rico","60-64y",222405
"72","Puerto Rico","65-74y",383087
"72","Puerto Rico","75+y",357310
"1","United States","0-1mo",631329.966666667
"1","United States","2-3mo",631329.966666667
"1","United States","4-5mo",631329.966666667
"1","United States","6-7mo",631329.966666667
"1","United States","8-11mo",1262659.93333333
"1","United States","12-19mo",2525319.86666667
"1","United States","20mo-4y",12626599.3333333
"1","United States","5-17y",54705339
"1","United States","18-49y",139350034
"1","United States","50-59y",42092439
"1","United States","60-64y",21329782
"1","United States","65-74y",33293127
"1","United States","75+y",22676920
