"state_fips_code","state_name","age_group_population","age_group"
"01","Alabama",294417,"0-4"
"02","Alaska",47825,"0-4"
"04","Arizona",399499,"0-4"
"05","Arkansas",182438,"0-4"
"06","California",2214141,"0-4"
"08","Colorado",315470,"0-4"
"09","Connecticut",181240,"0-4"
"10","Delaware",54545,"0-4"
"11","District of Columbia",40916,"0-4"
"12","Florida",1114328,"0-4"
"13","Georgia",639111,"0-4"
"15","Hawaii",82021,"0-4"
"16","Idaho",113266,"0-4"
"17","Illinois",708630,"0-4"
"18","Indiana",411823,"0-4"
"19","Iowa",188580,"0-4"
"20","Kansas",179460,"0-4"
"21","Kentucky",267363,"0-4"
"22","Louisiana",289071,"0-4"
"23","Maine",62915,"0-4"
"24","Maryland",359340,"0-4"
"25","Massachusetts",350335,"0-4"
"26","Michigan",549541,"0-4"
"27","Minnesota",339105,"0-4"
"28","Mississippi",177145,"0-4"
"29","Missouri",359915,"0-4"
"30","Montana",58832,"0-4"
"31","Nebraska",127005,"0-4"
"32","Nevada",176957,"0-4"
"33","New Hampshire",63205,"0-4"
"34","New Jersey",526400,"0-4"
"35","New Mexico",112949,"0-4"
"36","New York",1102961,"0-4"
"37","North Carolina",598313,"0-4"
"38","North Dakota",51372,"0-4"
"39","Ohio",675616,"0-4"
"40","Oklahoma",247646,"0-4"
"41","Oregon",212485,"0-4"
"42","Pennsylvania",685379,"0-4"
"44","Rhode Island",53813,"0-4"
"45","South Carolina",287868,"0-4"
"46","South Dakota",58121,"0-4"
"47","Tennessee",409675,"0-4"
"48","Texas",1928242,"0-4"
"49","Utah",238146,"0-4"
"50","Vermont",28053,"0-4"
"51","Virginia",495281,"0-4"
"53","Washington",437433,"0-4"
"54","West Virginia",89308,"0-4"
"55","Wisconsin",320451,"0-4"
"56","Wyoming",31948,"0-4"
"72","Puerto Rico",107055,"0-4"
"1","United States",18939899,"0-4"
"01","Alabama",833584,"5-17"
"02","Alaska",130633,"5-17"
"04","Arizona",1195281,"5-17"
"05","Arkansas",523441,"5-17"
"06","California",6514871,"5-17"
"08","Colorado",925412,"5-17"
"09","Connecticut",552758,"5-17"
"10","Delaware",155851,"5-17"
"11","District of Columbia",84759,"5-17"
"12","Florida",3191038,"5-17"
"13","Georgia",1902961,"5-17"
"15","Hawaii",219451,"5-17"
"16","Idaho",349901,"5-17"
"17","Illinois",2100249,"5-17"
"18","Indiana",1184248,"5-17"
"19","Iowa",547999,"5-17"
"20","Kansas",525361,"5-17"
"21","Kentucky",755383,"5-17"
"22","Louisiana",799592,"5-17"
"23","Maine",188967,"5-17"
"24","Maryland",1016596,"5-17"
"25","Massachusetts",1018073,"5-17"
"26","Michigan",1605252,"5-17"
"27","Minnesota",978154,"5-17"
"28","Mississippi",515190,"5-17"
"29","Missouri",1026656,"5-17"
"30","Montana",176110,"5-17"
"31","Nebraska",357745,"5-17"
"32","Nevada",515914,"5-17"
"33","New Hampshire",193701,"5-17"
"34","New Jersey",1504922,"5-17"
"35","New Mexico",353668,"5-17"
"36","New York",3006316,"5-17"
"37","North Carolina",1724510,"5-17"
"38","North Dakota",133420,"5-17"
"39","Ohio",1934563,"5-17"
"40","Oklahoma",715737,"5-17"
"41","Oregon",643809,"5-17"
"42","Pennsylvania",1988432,"5-17"
"44","Rhode Island",154667,"5-17"
"45","South Carolina",839194,"5-17"
"46","South Dakota",161699,"5-17"
"47","Tennessee",1148331,"5-17"
"48","Texas",5554288,"5-17"
"49","Utah",705986,"5-17"
"50","Vermont",89124,"5-17"
"51","Virginia",1398704,"5-17"
"53","Washington",1238465,"5-17"
"54","West Virginia",270103,"5-17"
"55","Wisconsin",953859,"5-17"
"56","Wyoming",100411,"5-17"
"72","Puerto Rico",436881,"5-17"
"1","United States",54705339,"5-17"
"01","Alabama",2057609,"18-49"
"02","Alaska",325324,"18-49"
"04","Arizona",3016728,"18-49"
"05","Arkansas",1237586,"18-49"
"06","California",17261350,"18-49"
"08","Colorado",2637437,"18-49"
"09","Connecticut",1449361,"18-49"
"10","Delaware",389932,"18-49"
"11","District of Columbia",359824,"18-49"
"12","Florida",8616305,"18-49"
"13","Georgia",4655684,"18-49"
"15","Hawaii",586930,"18-49"
"16","Idaho",785458,"18-49"
"17","Illinois",5331411,"18-49"
"18","Indiana",2812836,"18-49"
"19","Iowa",1295458,"18-49"
"20","Kansas",1214560,"18-49"
"21","Kentucky",1839581,"18-49"
"22","Louisiana",1917491,"18-49"
"23","Maine",521117,"18-49"
"24","Maryland",2549586,"18-49"
"25","Massachusetts",2978204,"18-49"
"26","Michigan",4041429,"18-49"
"27","Minnesota",2339426,"18-49"
"28","Mississippi",1206654,"18-49"
"29","Missouri",2514503,"18-49"
"30","Montana",443431,"18-49"
"31","Nebraska",809390,"18-49"
"32","Nevada",1331992,"18-49"
"33","New Hampshire",547059,"18-49"
"34","New Jersey",3773404,"18-49"
"35","New Mexico",861480,"18-49"
"36","New York",8342571,"18-49"
"37","North Carolina",4421343,"18-49"
"38","North Dakota",336586,"18-49"
"39","Ohio",4743927,"18-49"
"40","Oklahoma",1678958,"18-49"
"41","Oregon",1808292,"18-49"
"42","Pennsylvania",5204417,"18-49"
"44","Rhode Island",461576,"18-49"
"45","South Carolina",2102557,"18-49"
"46","South Dakota",357117,"18-49"
"47","Tennessee",2902160,"18-49"
"48","Texas",13144054,"18-49"
"49","Utah",1525736,"18-49"
"50","Vermont",256389,"18-49"
"51","Virginia",3676483,"18-49"
"53","Washington",3386867,"18-49"
"54","West Virginia",693137,"18-49"
"55","Wisconsin",2363425,"18-49"
"56","Wyoming",235899,"18-49"
"72","Puerto Rico",1317784,"18-49"
"1","United States",139350034,"18-49"
"01","Alabama",644311,"50-59"
"02","Alaska",86499,"50-59"
"04","Arizona",858866,"50-59"
"05","Arkansas",369899,"50-59"
"06","California",4928287,"50-59"
"08","Colorado",699082,"50-59"
"09","Connecticut",506669,"50-59"
"10","Delaware",130205,"50-59"
"11","District of Columbia",68061,"50-59"
"12","Florida",2884589,"50-59"
"13","Georgia",1398807,"50-59"
"15","Hawaii",176292,"50-59"
"16","Idaho",214247,"50-59"
"17","Illinois",1634679,"50-59"
"18","Indiana",851025,"50-59"
"19","Iowa",381876,"50-59"
"20","Kansas",342858,"50-59"
"21","Kentucky",579884,"50-59"
"22","Louisiana",560728,"50-59"
"23","Maine",193030,"50-59"
"24","Maryland",830469,"50-59"
"25","Massachusetts",949808,"50-59"
"26","Michigan",1321382,"50-59"
"27","Minnesota",714649,"50-59"
"28","Mississippi",362710,"50-59"
"29","Missouri",769726,"50-59"
"30","Montana",130056,"50-59"
"31","Nebraska",224130,"50-59"
"32","Nevada",400979,"50-59"
"33","New Hampshire",203510,"50-59"
"34","New Jersey",1280292,"50-59"
"35","New Mexico",247541,"50-59"
"36","New York",2638363,"50-59"
"37","North Carolina",1374729,"50-59"
"38","North Dakota",84526,"50-59"
"39","Ohio",1521443,"50-59"
"40","Oklahoma",464667,"50-59"
"41","Oregon",510712,"50-59"
"42","Pennsylvania",1712952,"50-59"
"44","Rhode Island",146359,"50-59"
"45","South Carolina",662060,"50-59"
"46","South Dakota",103470,"50-59"
"47","Tennessee",900620,"50-59"
"48","Texas",3483488,"50-59"
"49","Utah",320313,"50-59"
"50","Vermont",86498,"50-59"
"51","Virginia",1127001,"50-59"
"53","Washington",930049,"50-59"
"54","West Virginia",234596,"50-59"
"55","Wisconsin",777734,"50-59"
"56","Wyoming",67713,"50-59"
"72","Puerto Rico",430363,"50-59"
"1","United States",42092439,"50-59"
"01","Alabama",872257,"60-74"
"02","Alaska",111831,"60-74"
"04","Arizona",1226868,"60-74"
"05","Arkansas",503314,"60-74"
"06","California",5864263,"60-74"
"08","Colorado",901962,"60-74"
"09","Connecticut",633571,"60-74"
"10","Delaware",196874,"60-74"
"11","District of Columbia",83024,"60-74"
"12","Florida",4058867,"60-74"
"13","Georgia",1619839,"60-74"
"15","Hawaii",256344,"60-74"
"16","Idaho",308985,"60-74"
"17","Illinois",2062079,"60-74"
"18","Indiana",1107073,"60-74"
"19","Iowa",544806,"60-74"
"20","Kansas",477573,"60-74"
"21","Kentucky",769713,"60-74"
"22","Louisiana",763001,"60-74"
"23","Maine",292005,"60-74"
"24","Maryland",1009332,"60-74"
"25","Massachusetts",1196064,"60-74"
"26","Michigan",1814566,"60-74"
"27","Minnesota",952198,"60-74"
"28","Mississippi",494912,"60-74"
"29","Missouri",1058450,"60-74"
"30","Montana",213468,"60-74"
"31","Nebraska",316830,"60-74"
"32","Nevada",513609,"60-74"
"33","New Hampshire",275330,"60-74"
"34","New Jersey",1531163,"60-74"
"35","New Mexico",381161,"60-74"
"36","New York",3331708,"60-74"
"37","North Carolina",1759853,"60-74"
"38","North Dakota",120347,"60-74"
"39","Ohio",2064729,"60-74"
"40","Oklahoma",628766,"60-74"
"41","Oregon",755538,"60-74"
"42","Pennsylvania",2369036,"60-74"
"44","Rhode Island",196101,"60-74"
"45","South Carolina",947486,"60-74"
"46","South Dakota",156961,"60-74"
"47","Tennessee",1166055,"60-74"
"48","Texas",4024380,"60-74"
"49","Utah",391790,"60-74"
"50","Vermont",132984,"60-74"
"51","Virginia",1392462,"60-74"
"53","Washington",1260921,"60-74"
"54","West Virginia",350996,"60-74"
"55","Wisconsin",1056668,"60-74"
"56","Wyoming",104796,"60-74"
"72","Puerto Rico",605492,"60-74"
"1","United States",54622909,"60-74"
"01","Alabama",352075,"75+"
"02","Alaska",31859,"75+"
"04","Arizona",570933,"75+"
"05","Arkansas",215973,"75+"
"06","California",2459873,"75+"
"08","Colorado",331411,"75+"
"09","Connecticut",274749,"75+"
"10","Delaware",78465,"75+"
"11","District of Columbia",35495,"75+"
"12","Florida",2063754,"75+"
"13","Georgia",606188,"75+"
"15","Hawaii",124597,"75+"
"16","Idaho",121439,"75+"
"17","Illinois",855605,"75+"
"18","Indiana",444747,"75+"
"19","Iowa",237218,"75+"
"20","Kansas",197757,"75+"
"21","Kentucky",298801,"75+"
"22","Louisiana",291142,"75+"
"23","Maine",119366,"75+"
"24","Maryland",405415,"75+"
"25","Massachusetts",499911,"75+"
"26","Michigan",719425,"75+"
"27","Minnesota",390184,"75+"
"28","Mississippi",194827,"75+"
"29","Missouri",438931,"75+"
"30","Montana",83175,"75+"
"31","Nebraska",130826,"75+"
"32","Nevada",201549,"75+"
"33","New Hampshire",105029,"75+"
"34","New Jersey",650833,"75+"
"35","New Mexico",157969,"75+"
"36","New York",1450400,"75+"
"37","North Carolina",705592,"75+"
"38","North Dakota",53110,"75+"
"39","Ohio",839768,"75+"
"40","Oklahoma",259486,"75+"
"41","Oregon",307878,"75+"
"42","Pennsylvania",1026302,"75+"
"44","Rhode Island",82855,"75+"
"45","South Carolina",373609,"75+"
"46","South Dakota",61826,"75+"
"47","Tennessee",459241,"75+"
"48","Texas",1505891,"75+"
"49","Utah",149216,"75+"
"50","Vermont",52206,"75+"
"51","Virginia",567568,"75+"
"53","Washington",487249,"75+"
"54","West Virginia",146322,"75+"
"55","Wisconsin",419886,"75+"
"56","Wyoming",38994,"75+"
"72","Puerto Rico",357310,"75+"
"1","United States",22676920,"75+"
